<?xml version="1.0" encoding="UTF-8" standalone="no"?>
<menu-config xmlns="http://jmix.io/schema/flowui/menu">

    <menu id="application" title="msg://com.company.hotelchain/menu.application.title" opened="true">
        <item view="User.list" title="msg://com.company.hotelchain.view.user/UserListView.title"/>
        <item view="Booking.list" title="msg://com.company.hotelchain.view.booking/bookingListView.title"/>
        <item view="Client.list" title="msg://com.company.hotelchain.view.client/clientListView.title"/>
        <item view="Hotel.list" title="msg://com.company.hotelchain.view.hotel/hotelListView.title"/>
        <item view="Room.list" title="msg://com.company.hotelchain.view.room/roomListView.title"/>
        <item view="NightCount.list" title="msg://com.company.hotelchain.view.nightcount/nightCountListView.title"/>
    </menu>

</menu-config>