<?xml version="1.0" encoding="UTF-8"?>
<databaseChangeLog
        xmlns="http://www.liquibase.org/xml/ns/dbchangelog"
        xmlns:xsi="http://www.w3.org/2001/XMLSchema-instance"
        xsi:schemaLocation="http://www.liquibase.org/xml/ns/dbchangelog
                      http://www.liquibase.org/xml/ns/dbchangelog/dbchangelog-latest.xsd"
        objectQuotingStrategy="QUOTE_ONLY_RESERVED_WORDS">
    <changeSet id="1" author="HotelChain">
        <createTable tableName="BOOKING">
            <column name="ID" type="UUID">
                <constraints nullable="false" primaryKey="true" primaryKeyName="PK_BOOKING"/>
            </column>
            <column name="CHECK_IN_DATE" type="DATE"/>
            <column name="CHECK_OUT_DATE" type="DATE"/>
            <column name="TOTAL_PRICE" type="DECIMAL(19, 2)"/>
            <column name="CLIENT_ID" type="UUID"/>
            <column name="ROOM_ID" type="UUID"/>
        </createTable>
    </changeSet>
    <changeSet id="2" author="HotelChain">
        <createTable tableName="CLIENT">
            <column name="ID" type="UUID">
                <constraints nullable="false" primaryKey="true" primaryKeyName="PK_CLIENT"/>
            </column>
            <column name="FIRST_NAME" type="VARCHAR(255)"/>
            <column name="LAST_NAME" type="VARCHAR(255)"/>
            <column name="EMAIL" type="VARCHAR(255)"/>
            <column name="PHONE" type="VARCHAR(255)"/>
        </createTable>
    </changeSet>
    <changeSet id="3" author="HotelChain">
        <createTable tableName="HOTEL">
            <column name="ID" type="UUID">
                <constraints nullable="false" primaryKey="true" primaryKeyName="PK_HOTEL"/>
            </column>
            <column name="NAME" type="VARCHAR(255)"/>
            <column name="ADDRESS" type="VARCHAR(255)"/>
            <column name="STARS" type="VARCHAR(255)"/>
            <column name="PHONE_NUMBER" type="VARCHAR(255)"/>
        </createTable>
    </changeSet>
    <changeSet id="4" author="HotelChain">
        <createTable tableName="NIGHT_COUNT">
            <column name="ID" type="UUID">
                <constraints nullable="false" primaryKey="true" primaryKeyName="PK_NIGHT_COUNT"/>
            </column>
            <column name="BOOKING_ID" type="UUID"/>
            <column name="ROOM_ID" type="UUID"/>
            <column name="NIGHTS_COUNT" type="INT"/>
            <column name="TOTAL_COST" type="DECIMAL(19, 2)"/>
        </createTable>
    </changeSet>
    <changeSet id="5" author="HotelChain">
        <createTable tableName="ROOM">
            <column name="ID" type="UUID">
                <constraints nullable="false" primaryKey="true" primaryKeyName="PK_ROOM"/>
            </column>
            <column name="ROOM_NUMBER" type="VARCHAR(255)"/>
            <column name="TYPE_" type="VARCHAR(255)"/>
            <column name="PRICE_PER_NIGHT" type="DECIMAL(19, 2)"/>
            <column name="STATUS" type="VARCHAR(255)"/>
            <column name="HOTEL_ID" type="UUID"/>
        </createTable>
    </changeSet>
    <changeSet id="6" author="HotelChain">
        <createIndex indexName="IDX_BOOKING_CLIENT" tableName="BOOKING">
            <column name="CLIENT_ID"/>
        </createIndex>

        <addForeignKeyConstraint baseColumnNames="CLIENT_ID" baseTableName="BOOKING"
                                 constraintName="FK_BOOKING_ON_CLIENT" referencedColumnNames="ID"
                                 referencedTableName="CLIENT"/>
    </changeSet>
    <changeSet id="7" author="HotelChain">
        <createIndex indexName="IDX_BOOKING_ROOM" tableName="BOOKING">
            <column name="ROOM_ID"/>
        </createIndex>

        <addForeignKeyConstraint baseColumnNames="ROOM_ID" baseTableName="BOOKING" constraintName="FK_BOOKING_ON_ROOM"
                                 referencedColumnNames="ID" referencedTableName="ROOM"/>
    </changeSet>
    <changeSet id="8" author="HotelChain">
        <createIndex indexName="IDX_NIGHT_COUNT_BOOKING" tableName="NIGHT_COUNT">
            <column name="BOOKING_ID"/>
        </createIndex>

        <addForeignKeyConstraint baseColumnNames="BOOKING_ID" baseTableName="NIGHT_COUNT"
                                 constraintName="FK_NIGHT_COUNT_ON_BOOKING" referencedColumnNames="ID"
                                 referencedTableName="BOOKING"/>
    </changeSet>
    <changeSet id="9" author="HotelChain">
        <createIndex indexName="IDX_NIGHT_COUNT_ROOM" tableName="NIGHT_COUNT">
            <column name="ROOM_ID"/>
        </createIndex>

        <addForeignKeyConstraint baseColumnNames="ROOM_ID" baseTableName="NIGHT_COUNT"
                                 constraintName="FK_NIGHT_COUNT_ON_ROOM" referencedColumnNames="ID"
                                 referencedTableName="ROOM"/>
    </changeSet>
    <changeSet id="10" author="HotelChain">
        <createIndex indexName="IDX_ROOM_HOTEL" tableName="ROOM">
            <column name="HOTEL_ID"/>
        </createIndex>

        <addForeignKeyConstraint baseColumnNames="HOTEL_ID" baseTableName="ROOM" constraintName="FK_ROOM_ON_HOTEL"
                                 referencedColumnNames="ID" referencedTableName="HOTEL"/>
    </changeSet>
</databaseChangeLog>